fecha,temperatura,precipitacion,humedad
2024-01-01,12.7,6.9,73
2024-01-02,12.6,0,89
2024-01-03,14.2,0,68
2024-01-04,14.4,0,77
2024-01-05,14.2,3.0,79
2024-01-06,13.3,2.7,90
2024-01-07,13.1,11.1,65
2024-01-08,12.1,0.1,85
2024-01-09,14.7,6.6,71
2024-01-10,16.8,1.5,88
2024-01-11,12.1,3.8,80
2024-01-12,14.8,7.2,76
2024-01-13,13.2,3.9,74
2024-01-14,16.6,7.4,78
2024-01-15,16.2,0,70
2024-01-16,15.1,1.0,88
2024-01-17,16.3,5.6,88
2024-01-18,16.9,5.5,81
2024-01-19,16.7,0,86
2024-01-20,12.9,6.5,74
2024-01-21,14.9,8.7,81
2024-01-22,14.0,0,66
2024-01-23,14.4,2.8,86
2024-01-24,12.9,0,82
2024-01-25,16.4,4.1,67
2024-01-26,14.2,0,81
2024-01-27,12.5,7.0,76
2024-01-28,14.4,9.6,65
2024-01-29,14.3,0.2,84
2024-01-30,15.0,10.2,77
2024-01-31,15.2,4.4,65
2024-02-01,15.9,5.5,82
2024-02-02,16.6,0,76
2024-02-03,16.8,1.8,83
2024-02-04,13.8,8.0,84
2024-02-05,16.8,0,65
2024-02-06,13.9,9.2,88
2024-02-07,14.6,0,69
2024-02-08,14.6,0,66
2024-02-09,14.4,1.4,76
2024-02-10,14.8,4.5,80
2024-02-11,16.1,7.5,78
2024-02-12,13.7,0,84
2024-02-13,13.7,1.7,84
2024-02-14,12.1,3.3,83
2024-02-15,12.9,5.5,67
2024-02-16,16.0,5.1,73
2024-02-17,12.2,0,86
2024-02-18,12.4,6.0,89
2024-02-19,15.8,0,72
2024-02-20,13.3,3.7,74
2024-02-21,12.3,0.6,70
2024-02-22,13.3,8.6,85
2024-02-23,15.6,1.3,79
2024-02-24,15.5,1.0,74
2024-02-25,13.9,3.0,78
2024-02-26,16.0,2.8,88
2024-02-27,14.6,6.1,71
2024-02-28,16.8,0,72
2024-02-29,12.1,7.5,69
